,mag,place,time,updated,tz,url,detail,felt,cdi,mmi,alert,status,tsunami,sig,net,code,ids,sources,types,nst,dmin,rms,gap,magType,type,title,index,type,coordinates,index
0,2.72,"3km NE of Biola, CA",84024967510,1454030450540,,https://earthquake.usgs.gov/earthquakes/eventpage/ci3321195,https://earthquake.usgs.gov/fdsnws/event/1/query?eventid=ci3321195&format=geojson,,,,,reviewed,0,114,ci,3321195,",ci3321195,",",ci,",",origin,phase-data,",6,,0.51,97,ml,earthquake,"M 2.7 - 3km NE of Biola, CA",0,Point,"[-119.9896667, 36.823, 6]",0
0,3.41,"6km N of Biola, CA",84018135400,1454030450050,,https://earthquake.usgs.gov/earthquakes/eventpage/ci3321194,https://earthquake.usgs.gov/fdsnws/event/1/query?eventid=ci3321194&format=geojson,,,,,reviewed,0,179,ci,3321194,",ci3321194,",",ci,",",origin,phase-data,",7,,0.32,98,ml,earthquake,"M 3.4 - 6km N of Biola, CA",1,Point,"[-120.0178333, 36.8591667, 6]",1
0,2.22,"3km SE of Fullerton, CA",84010221360,1454030449550,,https://earthquake.usgs.gov/earthquakes/eventpage/ci3321193,https://earthquake.usgs.gov/fdsnws/event/1/query?eventid=ci3321193&format=geojson,,,,,reviewed,0,76,ci,3321193,",ci3321193,",",ci,",",origin,phase-data,",8,,0.53,185,mh,earthquake,"M 2.2 - 3km SE of Fullerton, CA",2,Point,"[-117.9078333, 33.8621667, 6]",2
0,2.67,"28km NNW of Desert Center, CA",83889361190,1454031049500,,https://earthquake.usgs.gov/earthquakes/eventpage/ci3321192,https://earthquake.usgs.gov/fdsnws/event/1/query?eventid=ci3321192&format=geojson,,,,,reviewed,0,110,ci,3321192,",ci3321192,",",ci,",",origin,phase-data,",7,,0.63,181,mh,quarry blast,"M 2.7 Quarry Blast - 28km NNW of Desert Center, CA",3,Point,"[-115.5481667, 33.9335, 0.02]",3
0,2.28,"30km NNW of Twentynine Palms, CA",83868914840,1454031345730,,https://earthquake.usgs.gov/earthquakes/eventpage/ci3321189,https://earthquake.usgs.gov/fdsnws/event/1/query?eventid=ci3321189&format=geojson,,,,,reviewed,0,80,ci,3321189,",ci3321189,",",ci,",",origin,phase-data,",5,0.309,0.55,175,mh,earthquake,"M 2.3 - 30km NNW of Twentynine Palms, CA",4,Point,"[-116.1803333, 34.3956667, 7.09]",4
0,2.21,"12km SSW of Joshua Tree, CA",83778655710,1454031345250,,https://earthquake.usgs.gov/earthquakes/eventpage/ci3321188,https://earthquake.usgs.gov/fdsnws/event/1/query?eventid=ci3321188&format=geojson,,,,,reviewed,0,75,ci,3321188,",ci3321188,",",ci,",",origin,phase-data,",6,,0.35,88,mh,earthquake,"M 2.2 - 12km SSW of Joshua Tree, CA",5,Point,"[-116.3443333, 34.0295, 8.39]",5
0,3.35,"2km SSW of Baldwin Hills, CA",83753366190,1454031344730,,https://earthquake.usgs.gov/earthquakes/eventpage/ci3321187,https://earthquake.usgs.gov/fdsnws/event/1/query?eventid=ci3321187&format=geojson,,,,,reviewed,0,173,ci,3321187,",ci3321187,",",ci,",",origin,phase-data,",11,,0.36,162,ml,earthquake,"M 3.4 - 2km SSW of Baldwin Hills, CA",6,Point,"[-118.378, 33.9896667, 0.01]",6
0,2.5,Oregon,83752260510,1469404546940,,https://earthquake.usgs.gov/earthquakes/eventpage/uw10853883,https://earthquake.usgs.gov/fdsnws/event/1/query?eventid=uw10853883&format=geojson,,,,,reviewed,0,96,uw,10853883,",uw10853883,",",uw,",",origin,phase-data,",11,0.7177,0.14,333,md,earthquake,M 2.5 - Oregon,7,Point,"[-120.0161667, 45.5328333, -0.462]",7
0,2.6,"4km SW of Agua Dulce, CA",83696039270,1454031624160,,https://earthquake.usgs.gov/earthquakes/eventpage/ci12316407,https://earthquake.usgs.gov/fdsnws/event/1/query?eventid=ci12316407&format=geojson,,,,,reviewed,0,104,ci,12316407,",ci12316407,",",ci,",",origin,phase-data,",6,,0.37,206,mh,earthquake,"M 2.6 - 4km SW of Agua Dulce, CA",8,Point,"[-118.3533333, 34.4643333, 2.98]",8
0,2.27,"12km NNE of Campo, CA",83636241450,1454030156150,,https://earthquake.usgs.gov/earthquakes/eventpage/ci3321186,https://earthquake.usgs.gov/fdsnws/event/1/query?eventid=ci3321186&format=geojson,,,,,reviewed,0,79,ci,3321186,",ci3321186,",",ci,",",origin,phase-data,",4,0.2323,0.26,191,mh,earthquake,"M 2.3 - 12km NNE of Campo, CA",9,Point,"[-116.3978333, 32.701, 4.94]",9
0,2.61,"11km SE of Anza, CA",83601410940,1454030155650,,https://earthquake.usgs.gov/earthquakes/eventpage/ci3321185,https://earthquake.usgs.gov/fdsnws/event/1/query?eventid=ci3321185&format=geojson,,,,,reviewed,0,105,ci,3321185,",ci3321185,",",ci,",",origin,phase-data,",6,0.2674,0.44,112,mh,earthquake,"M 2.6 - 11km SE of Anza, CA",10,Point,"[-116.5843333, 33.4855, 3.08]",10
0,2.4,Washington,83600365710,1469404545630,,https://earthquake.usgs.gov/earthquakes/eventpage/uw10853868,https://earthquake.usgs.gov/fdsnws/event/1/query?eventid=uw10853868&format=geojson,,,,,reviewed,0,89,uw,10853868,",uw10853868,",",uw,",",origin,phase-data,",13,0.4624,0.18,298,md,earthquake,M 2.4 - Washington,11,Point,"[-120.1723333, 47.6043333, 7.994]",11
0,2.94,"10km NE of Ocotillo Wells, CA",83559033310,1454031921630,,https://earthquake.usgs.gov/earthquakes/eventpage/ci3321184,https://earthquake.usgs.gov/fdsnws/event/1/query?eventid=ci3321184&format=geojson,,,,,reviewed,0,133,ci,3321184,",ci3321184,",",ci,",",origin,phase-data,",6,0.6097,0.28,126,mh,earthquake,"M 2.9 - 10km NE of Ocotillo Wells, CA",12,Point,"[-116.0673333, 33.2126667, 6]",12
0,2.1,Oregon,83552990830,1469404544880,,https://earthquake.usgs.gov/earthquakes/eventpage/uw10853863,https://earthquake.usgs.gov/fdsnws/event/1/query?eventid=uw10853863&format=geojson,,,,,reviewed,0,68,uw,10853863,",uw10853863,",",uw,",",origin,phase-data,",8,0.4993,0.04,326,md,earthquake,M 2.1 - Oregon,13,Point,"[-119.9148333, 45.7393333, -0.48]",13
0,2.42,"28km NNW of Desert Center, CA",83544857460,1454030155160,,https://earthquake.usgs.gov/earthquakes/eventpage/ci3321191,https://earthquake.usgs.gov/fdsnws/event/1/query?eventid=ci3321191&format=geojson,,,,,reviewed,0,90,ci,3321191,",ci3321191,",",ci,",",origin,phase-data,",5,0.2283,0.43,180,mh,quarry blast,"M 2.4 Quarry Blast - 28km NNW of Desert Center, CA",14,Point,"[-115.561, 33.9268333, 0.02]",14
0,2.42,"18km WNW of Searles Valley, CA",83543551840,1454030748350,,https://earthquake.usgs.gov/earthquakes/eventpage/ci3321183,https://earthquake.usgs.gov/fdsnws/event/1/query?eventid=ci3321183&format=geojson,,,,,reviewed,0,90,ci,3321183,",ci3321183,",",ci,",",origin,phase-data,",5,,0.47,160,mh,earthquake,"M 2.4 - 18km WNW of Searles Valley, CA",15,Point,"[-117.5951667, 35.8251667, 0]",15
0,2.49,"18km SSW of Port Hueneme, CA",83504508430,1454031344230,,https://earthquake.usgs.gov/earthquakes/eventpage/ci3321182,https://earthquake.usgs.gov/fdsnws/event/1/query?eventid=ci3321182&format=geojson,,,,,reviewed,0,95,ci,3321182,",ci3321182,",",ci,",",origin,phase-data,",5,,0.32,236,ml,earthquake,"M 2.5 - 18km SSW of Port Hueneme, CA",16,Point,"[-119.2525, 33.9926667, 6]",16
0,2.21,"3km SE of Compton, CA",83480396970,1454029841930,,https://earthquake.usgs.gov/earthquakes/eventpage/ci3321181,https://earthquake.usgs.gov/fdsnws/event/1/query?eventid=ci3321181&format=geojson,,,,,reviewed,0,75,ci,3321181,",ci3321181,",",ci,",",origin,phase-data,",4,0.2753,0.56,233,mh,earthquake,"M 2.2 - 3km SE of Compton, CA",17,Point,"[-118.2021667, 33.8736667, 6]",17
0,2.64,"23km NNW of Desert Center, CA",83458047700,1454031049000,,https://earthquake.usgs.gov/earthquakes/eventpage/ci3344190,https://earthquake.usgs.gov/fdsnws/event/1/query?eventid=ci3344190&format=geojson,,,,,reviewed,0,107,ci,3344190,",ci3344190,",",ci,",",origin,phase-data,",5,0.2053,0.7,180,mh,quarry blast,"M 2.6 Quarry Blast - 23km NNW of Desert Center, CA",18,Point,"[-115.5283333, 33.8913333, 0.01]",18
0,2.82,"73km WSW of Alamo, NV",83408322010,1454030747900,,https://earthquake.usgs.gov/earthquakes/eventpage/ci3321180,https://earthquake.usgs.gov/fdsnws/event/1/query?eventid=ci3321180&format=geojson,,,,,reviewed,0,122,ci,3321180,",ci3321180,",",ci,",",origin,phase-data,",2,,0.31,334,mh,earthquake,"M 2.8 - 73km WSW of Alamo, NV",19,Point,"[-115.873, 37.031, 6]",19
0,2.42,"3km SE of Santa Clarita, CA",83338301580,1454030154220,,https://earthquake.usgs.gov/earthquakes/eventpage/ci3321179,https://earthquake.usgs.gov/fdsnws/event/1/query?eventid=ci3321179&format=geojson,,,,,reviewed,0,90,ci,3321179,",ci3321179,",",ci,",",origin,phase-data,",7,,0.32,227,ml,earthquake,"M 2.4 - 3km SE of Santa Clarita, CA",20,Point,"[-118.4868333, 34.399, 12.38]",20
0,2.29,"5km W of Lake Henshaw, CA",83270084270,1454031921070,,https://earthquake.usgs.gov/earthquakes/eventpage/ci3321178,https://earthquake.usgs.gov/fdsnws/event/1/query?eventid=ci3321178&format=geojson,,,,,reviewed,0,81,ci,3321178,",ci3321178,",",ci,",",origin,phase-data,",7,0.1227,0.4,148,mh,earthquake,"M 2.3 - 5km W of Lake Henshaw, CA",21,Point,"[-116.8211667, 33.2356667, 14.92]",21
0,2.6,Oregon,83243815580,1469404541580,,https://earthquake.usgs.gov/earthquakes/eventpage/uw10853843,https://earthquake.usgs.gov/fdsnws/event/1/query?eventid=uw10853843&format=geojson,,,,,reviewed,0,104,uw,10853843,",uw10853843,",",uw,",",origin,phase-data,",20,0.6715,0.42,286,md,earthquake,M 2.6 - Oregon,22,Point,"[-119.989, 45.5751667, 6.793]",22
0,2,Oregon,83199417480,1469404538680,,https://earthquake.usgs.gov/earthquakes/eventpage/uw10853828,https://earthquake.usgs.gov/fdsnws/event/1/query?eventid=uw10853828&format=geojson,,,,,reviewed,0,62,uw,10853828,",uw10853828,",",uw,",",origin,phase-data,",10,0.663,0.12,332,md,earthquake,M 2.0 - Oregon,23,Point,"[-120.0145, 45.5903333, -0.656]",23
0,2.3,Oregon,83173951180,1469404537280,,https://earthquake.usgs.gov/earthquakes/eventpage/uw10853818,https://earthquake.usgs.gov/fdsnws/event/1/query?eventid=uw10853818&format=geojson,,,,,reviewed,0,81,uw,10853818,",uw10853818,",",uw,",",origin,phase-data,",12,0.6902,0.44,287,md,earthquake,M 2.3 - Oregon,24,Point,"[-120.0178333, 45.5623333, 6.194]",24
0,2.1,"Puget Sound region, Washington",83092351930,1469404535250,,https://earthquake.usgs.gov/earthquakes/eventpage/uw10853798,https://earthquake.usgs.gov/fdsnws/event/1/query?eventid=uw10853798&format=geojson,,,,,reviewed,0,68,uw,10853798,",uw10853798,",",uw,",",origin,phase-data,",7,0.1021,0.3,102,md,earthquake,"M 2.1 - Puget Sound region, Washington",25,Point,"[-121.9525, 47.4845, -0.707]",25
0,2.46,"6km N of Rancho Cucamonga, CA",82888161740,1454030747400,,https://earthquake.usgs.gov/earthquakes/eventpage/ci3321177,https://earthquake.usgs.gov/fdsnws/event/1/query?eventid=ci3321177&format=geojson,,,,,reviewed,0,93,ci,3321177,",ci3321177,",",ci,",",origin,phase-data,",12,,0.39,115,ml,earthquake,"M 2.5 - 6km N of Rancho Cucamonga, CA",26,Point,"[-117.5826667, 34.1785, 0.03]",26
0,2.1,Washington,82806310860,1469404515530,,https://earthquake.usgs.gov/earthquakes/eventpage/uw10853653,https://earthquake.usgs.gov/fdsnws/event/1/query?eventid=uw10853653&format=geojson,,,,,reviewed,0,68,uw,10853653,",uw10853653,",",uw,",",origin,phase-data,",7,0.08849,0.21,178,md,earthquake,M 2.1 - Washington,27,Point,"[-121.8221667, 47.5473333, 4.013]",27
0,2.04,"2km SSE of Compton, CA",82752375810,1454031343760,,https://earthquake.usgs.gov/earthquakes/eventpage/ci3321176,https://earthquake.usgs.gov/fdsnws/event/1/query?eventid=ci3321176&format=geojson,,,,,reviewed,0,64,ci,3321176,",ci3321176,",",ci,",",origin,phase-data,",4,0.2704,0.27,253,mh,earthquake,"M 2.0 - 2km SSE of Compton, CA",28,Point,"[-118.2121667, 33.8795, 2.69]",28
0,2.99,"10km N of Parkfield, CA",82707984870,1454031920520,,https://earthquake.usgs.gov/earthquakes/eventpage/ci3321175,https://earthquake.usgs.gov/fdsnws/event/1/query?eventid=ci3321175&format=geojson,,,,,reviewed,0,138,ci,3321175,",ci3321175,",",ci,",",origin,phase-data,",11,,0.79,146,ml,earthquake,"M 3.0 - 10km N of Parkfield, CA",29,Point,"[-120.4483333, 35.9915, 6]",29
0,2.98,"11km NNW of Avenal, CA",82680569980,1454031623220,,https://earthquake.usgs.gov/earthquakes/eventpage/ci3321174,https://earthquake.usgs.gov/fdsnws/event/1/query?eventid=ci3321174&format=geojson,,,,,reviewed,0,137,ci,3321174,",ci3321174,",",ci,",",origin,phase-data,",5,,0.62,169,ml,earthquake,"M 3.0 - 11km NNW of Avenal, CA",30,Point,"[-120.1545, 36.1008333, 6]",30
0,2,"Seattle-Tacoma urban area, Washington",82652296870,1469404510830,,https://earthquake.usgs.gov/earthquakes/eventpage/uw10853618,https://earthquake.usgs.gov/fdsnws/event/1/query?eventid=uw10853618&format=geojson,,,,,reviewed,0,62,uw,10853618,",uw10853618,",",uw,",",origin,phase-data,",5,0.248,0.21,96,md,earthquake,"M 2.0 - Seattle-Tacoma urban area, Washington",31,Point,"[-122.3915, 47.7813333, 41.598]",31
0,3,Washington,82558515690,1469404505920,,https://earthquake.usgs.gov/earthquakes/eventpage/uw10853613,https://earthquake.usgs.gov/fdsnws/event/1/query?eventid=uw10853613&format=geojson,,,,,reviewed,0,138,uw,10853613,",uw10853613,",",uw,",",origin,phase-data,",8,,0.18,158,md,earthquake,M 3.0 - Washington,32,Point,"[-121.8276667, 47.4023333, 13.733]",32
0,2.84,"4km N of Holtville, CA",82547060000,1454031343280,,https://earthquake.usgs.gov/earthquakes/eventpage/ci3321128,https://earthquake.usgs.gov/fdsnws/event/1/query?eventid=ci3321128&format=geojson,,,,,reviewed,0,124,ci,3321128,",ci3321128,",",ci,",",origin,phase-data,",4,0.8911,0.72,276,mh,earthquake,"M 2.8 - 4km N of Holtville, CA",33,Point,"[-115.3738333, 32.842, 6]",33
0,2.71,"10km N of Barstow, CA",82235594360,1454030449060,,https://earthquake.usgs.gov/earthquakes/eventpage/ci3321127,https://earthquake.usgs.gov/fdsnws/event/1/query?eventid=ci3321127&format=geojson,,,,,reviewed,0,113,ci,3321127,",ci3321127,",",ci,",",origin,phase-data,",7,,0.65,110,mh,earthquake,"M 2.7 - 10km N of Barstow, CA",34,Point,"[-117.0021667, 34.9866667, 6]",34
0,2.46,"9km NNE of Trabuco Canyon, CA",82210043980,1454031341830,,https://earthquake.usgs.gov/earthquakes/eventpage/ci3321126,https://earthquake.usgs.gov/fdsnws/event/1/query?eventid=ci3321126&format=geojson,,,,,reviewed,0,93,ci,3321126,",ci3321126,",",ci,",",origin,phase-data,",8,,0.65,164,ml,earthquake,"M 2.5 - 9km NNE of Trabuco Canyon, CA",35,Point,"[-117.5355, 33.73, 6]",35
0,2.6,"15km NNW of Joshua Tree, CA",82091982350,1454031341340,,https://earthquake.usgs.gov/earthquakes/eventpage/ci3321125,https://earthquake.usgs.gov/fdsnws/event/1/query?eventid=ci3321125&format=geojson,,,,,reviewed,0,104,ci,3321125,",ci3321125,",",ci,",",origin,phase-data,",8,,0.52,136,ml,earthquake,"M 2.6 - 15km NNW of Joshua Tree, CA",36,Point,"[-116.38, 34.2576667, 6]",36
0,3.16,"16km NNE of Santa Cruz Is. (E end), CA",82030669580,1454031919330,,https://earthquake.usgs.gov/earthquakes/eventpage/ci3321124,https://earthquake.usgs.gov/fdsnws/event/1/query?eventid=ci3321124&format=geojson,,,,,reviewed,0,154,ci,3321124,",ci3321124,",",ci,",",origin,phase-data,",8,,0.5,216,ml,earthquake,"M 3.2 - 16km NNE of Santa Cruz Is. (E end), CA",37,Point,"[-119.4738333, 34.1753333, 1.91]",37
0,2.62,"10km SW of Morongo Valley, CA",82002791340,1454030152810,,https://earthquake.usgs.gov/earthquakes/eventpage/ci3321123,https://earthquake.usgs.gov/fdsnws/event/1/query?eventid=ci3321123&format=geojson,,,,,reviewed,0,106,ci,3321123,",ci3321123,",",ci,",",origin,phase-data,",8,,0.43,82,ml,earthquake,"M 2.6 - 10km SW of Morongo Valley, CA",38,Point,"[-116.6608333, 33.991, 6]",38
0,2.13,"2km ESE of Burbank, CA",81966561800,1454031048010,,https://earthquake.usgs.gov/earthquakes/eventpage/ci3321122,https://earthquake.usgs.gov/fdsnws/event/1/query?eventid=ci3321122&format=geojson,,,,,reviewed,0,70,ci,3321122,",ci3321122,",",ci,",",origin,phase-data,",7,,0.48,180,ml,earthquake,"M 2.1 - 2km ESE of Burbank, CA",39,Point,"[-118.2831667, 34.1755, 5.41]",39
0,2.36,"13km SSE of Port Hueneme, CA",81804969500,1454029840530,,https://earthquake.usgs.gov/earthquakes/eventpage/ci3321121,https://earthquake.usgs.gov/fdsnws/event/1/query?eventid=ci3321121&format=geojson,,,,,reviewed,0,86,ci,3321121,",ci3321121,",",ci,",",origin,phase-data,",6,,0.48,223,ml,earthquake,"M 2.4 - 13km SSE of Port Hueneme, CA",40,Point,"[-119.1186667, 34.048, 6]",40
0,3.14,"7km ESE of Santa Clarita, CA",81780266290,1454031622650,,https://earthquake.usgs.gov/earthquakes/eventpage/ci3321119,https://earthquake.usgs.gov/fdsnws/event/1/query?eventid=ci3321119&format=geojson,,,,,reviewed,0,152,ci,3321119,",ci3321119,",",ci,",",origin,phase-data,",11,,0.48,135,ml,earthquake,"M 3.1 - 7km ESE of Santa Clarita, CA",41,Point,"[-118.44, 34.3921667, 9.57]",41
0,2.46,"19km WNW of Fort Irwin, CA",81765157280,1454031918730,,https://earthquake.usgs.gov/earthquakes/eventpage/ci3321118,https://earthquake.usgs.gov/fdsnws/event/1/query?eventid=ci3321118&format=geojson,,,,,reviewed,0,93,ci,3321118,",ci3321118,",",ci,",",origin,phase-data,",6,,0.4,146,mh,earthquake,"M 2.5 - 19km WNW of Fort Irwin, CA",42,Point,"[-116.8885, 35.3118333, 1.03]",42
0,3.63,"57km SE of Estacion Coahuila, B.C., MX",81729362940,1454030447570,,https://earthquake.usgs.gov/earthquakes/eventpage/ci3344185,https://earthquake.usgs.gov/fdsnws/event/1/query?eventid=ci3344185&format=geojson,,,,,reviewed,0,203,ci,3344185,",ci3344185,",",ci,",",origin,phase-data,",4,1.247,0.21,306,mh,earthquake,"M 3.6 - 57km SE of Estacion Coahuila, B.C., MX",43,Point,"[-114.586, 31.8176667, 6]",43
0,2.48,"2km SSW of Burbank, CA",81706388480,1454031340840,,https://earthquake.usgs.gov/earthquakes/eventpage/ci3321117,https://earthquake.usgs.gov/fdsnws/event/1/query?eventid=ci3321117&format=geojson,,,,,reviewed,0,95,ci,3321117,",ci3321117,",",ci,",",origin,phase-data,",7,,0.39,197,mh,earthquake,"M 2.5 - 2km SSW of Burbank, CA",44,Point,"[-118.323, 34.1618333, 1]",44
0,2.93,"20km W of Fort Irwin, CA",81645492250,1454031918060,,https://earthquake.usgs.gov/earthquakes/eventpage/ci3321116,https://earthquake.usgs.gov/fdsnws/event/1/query?eventid=ci3321116&format=geojson,,,,,reviewed,0,132,ci,3321116,",ci3321116,",",ci,",",origin,phase-data,",7,,0.49,130,ml,earthquake,"M 2.9 - 20km W of Fort Irwin, CA",45,Point,"[-116.904, 35.2921667, 0.38]",45
0,3.17,"7km NW of Big Bear Lake, CA",81508801020,1454030446560,,https://earthquake.usgs.gov/earthquakes/eventpage/ci3321115,https://earthquake.usgs.gov/fdsnws/event/1/query?eventid=ci3321115&format=geojson,,,,,reviewed,0,155,ci,3321115,",ci3321115,",",ci,",",origin,phase-data,",11,,0.51,96,ml,earthquake,"M 3.2 - 7km NW of Big Bear Lake, CA",46,Point,"[-116.9608333, 34.2891667, 0.95]",46
0,2.1,"Puget Sound region, Washington",81506983120,1469404498120,,https://earthquake.usgs.gov/earthquakes/eventpage/uw10853548,https://earthquake.usgs.gov/fdsnws/event/1/query?eventid=uw10853548&format=geojson,,,,,reviewed,0,68,uw,10853548,",uw10853548,",",uw,",",origin,phase-data,",5,0.2627,0.06,174,md,earthquake,"M 2.1 - Puget Sound region, Washington",47,Point,"[-121.8733333, 47.7181667, 22.418]",47
0,2.54,"21km NNE of Indio, CA",81497056420,1454031917520,,https://earthquake.usgs.gov/earthquakes/eventpage/ci3321114,https://earthquake.usgs.gov/fdsnws/event/1/query?eventid=ci3321114&format=geojson,,,,,reviewed,0,99,ci,3321114,",ci3321114,",",ci,",",origin,phase-data,",8,,0.46,111,mh,earthquake,"M 2.5 - 21km NNE of Indio, CA",48,Point,"[-116.125, 33.8895, 0]",48
0,2.7,"16km NE of Coso Junction, CA",81486871430,1454031047060,,https://earthquake.usgs.gov/earthquakes/eventpage/ci3321113,https://earthquake.usgs.gov/fdsnws/event/1/query?eventid=ci3321113&format=geojson,,,,,reviewed,0,112,ci,3321113,",ci3321113,",",ci,",",origin,phase-data,",6,,0.93,154,ml,earthquake,"M 2.7 - 16km NE of Coso Junction, CA",49,Point,"[-117.8153333, 36.1361667, 0.09]",49
0,3.06,"20km N of Ridgecrest, CA",81379025190,1454031339820,,https://earthquake.usgs.gov/earthquakes/eventpage/ci3321112,https://earthquake.usgs.gov/fdsnws/event/1/query?eventid=ci3321112&format=geojson,,,,,reviewed,0,144,ci,3321112,",ci3321112,",",ci,",",origin,phase-data,",8,,0.52,99,ml,earthquake,"M 3.1 - 20km N of Ridgecrest, CA",50,Point,"[-117.6466667, 35.8023333, 0.38]",50
0,3.21,"21km WNW of Searles Valley, CA",81370933610,1454029839960,,https://earthquake.usgs.gov/earthquakes/eventpage/ci3321110,https://earthquake.usgs.gov/fdsnws/event/1/query?eventid=ci3321110&format=geojson,,,,,reviewed,0,159,ci,3321110,",ci3321110,",",ci,",",origin,phase-data,",12,,0.7,163,ml,earthquake,"M 3.2 - 21km WNW of Searles Valley, CA",51,Point,"[-117.605, 35.858, 0.01]",51
0,3.03,"15km W of Searles Valley, CA",81353394540,1454031339290,,https://earthquake.usgs.gov/earthquakes/eventpage/ci3321109,https://earthquake.usgs.gov/fdsnws/event/1/query?eventid=ci3321109&format=geojson,,,,,reviewed,0,141,ci,3321109,",ci3321109,",",ci,",",origin,phase-data,",9,,0.43,143,ml,earthquake,"M 3.0 - 15km W of Searles Valley, CA",52,Point,"[-117.5716667, 35.7533333, 4.74]",52
0,2.68,"16km W of Searles Valley, CA",81233100030,1454029839460,,https://earthquake.usgs.gov/earthquakes/eventpage/ci3321108,https://earthquake.usgs.gov/fdsnws/event/1/query?eventid=ci3321108&format=geojson,,,,,reviewed,0,110,ci,3321108,",ci3321108,",",ci,",",origin,phase-data,",6,,0.34,138,ml,earthquake,"M 2.7 - 16km W of Searles Valley, CA",53,Point,"[-117.5825, 35.764, 4.52]",53
0,2.3,"Seattle-Tacoma urban area, Washington",81230113760,1469404494750,,https://earthquake.usgs.gov/earthquakes/eventpage/uw10853518,https://earthquake.usgs.gov/fdsnws/event/1/query?eventid=uw10853518&format=geojson,,,,,reviewed,0,81,uw,10853518,",uw10853518,",",uw,",",origin,phase-data,",7,0.1155,0.11,103,md,earthquake,"M 2.3 - Seattle-Tacoma urban area, Washington",54,Point,"[-122.3513333, 47.4621667, 21.334]",54
0,2.4,"San Juan Islands region, Washington",81223084350,1469404493890,,https://earthquake.usgs.gov/earthquakes/eventpage/uw10853513,https://earthquake.usgs.gov/fdsnws/event/1/query?eventid=uw10853513&format=geojson,,,,,reviewed,0,89,uw,10853513,",uw10853513,",",uw,",",origin,phase-data,",5,0.5529,0.12,281,md,earthquake,"M 2.4 - San Juan Islands region, Washington",55,Point,"[-122.6583333, 48.5181667, 56.661]",55
0,3.28,"3km WSW of Lake Henshaw, CA",81220731880,1454030152310,,https://earthquake.usgs.gov/earthquakes/eventpage/ci3321107,https://earthquake.usgs.gov/fdsnws/event/1/query?eventid=ci3321107&format=geojson,,,,,reviewed,0,166,ci,3321107,",ci3321107,",",ci,",",origin,phase-data,",7,,0.47,214,ml,earthquake,"M 3.3 - 3km WSW of Lake Henshaw, CA",56,Point,"[-116.7875, 33.2285, 12.08]",56
0,2.1,Washington,81213192380,1469404493550,,https://earthquake.usgs.gov/earthquakes/eventpage/uw10853508,https://earthquake.usgs.gov/fdsnws/event/1/query?eventid=uw10853508&format=geojson,,,,,reviewed,0,68,uw,10853508,",uw10853508,",",uw,",",origin,phase-data,",6,0.2367,0.25,248,md,earthquake,M 2.1 - Washington,57,Point,"[-121.4658333, 47.4095, 3.93]",57
0,2,"Seattle-Tacoma urban area, Washington",81185107890,1469404492600,,https://earthquake.usgs.gov/earthquakes/eventpage/uw10853498,https://earthquake.usgs.gov/fdsnws/event/1/query?eventid=uw10853498&format=geojson,,,,,reviewed,0,62,uw,10853498,",uw10853498,",",uw,",",origin,phase-data,",6,0.2577,0.07,94,md,earthquake,"M 2.0 - Seattle-Tacoma urban area, Washington",58,Point,"[-122.461, 47.7666667, 20.517]",58
0,3,"Seattle-Tacoma urban area, Washington",81183841870,1469404492100,,https://earthquake.usgs.gov/earthquakes/eventpage/uw10853493,https://earthquake.usgs.gov/fdsnws/event/1/query?eventid=uw10853493&format=geojson,,,,,reviewed,0,138,uw,10853493,",uw10853493,",",uw,",",origin,phase-data,",7,0.2538,0.06,94,md,earthquake,"M 3.0 - Seattle-Tacoma urban area, Washington",59,Point,"[-122.4606667, 47.7621667, 21.557]",59
0,2.63,"8km ENE of Nuevo, CA",81176965770,1454030151820,,https://earthquake.usgs.gov/earthquakes/eventpage/ci3321106,https://earthquake.usgs.gov/fdsnws/event/1/query?eventid=ci3321106&format=geojson,,,,,reviewed,0,106,ci,3321106,",ci3321106,",",ci,",",origin,phase-data,",6,,0.49,195,ml,quarry blast,"M 2.6 Quarry Blast - 8km ENE of Nuevo, CA",60,Point,"[-117.0613333, 33.8291667, 0.01]",60
0,2.92,"6km SW of Gorman, CA",81057200020,1454030445570,,https://earthquake.usgs.gov/earthquakes/eventpage/ci3321105,https://earthquake.usgs.gov/fdsnws/event/1/query?eventid=ci3321105&format=geojson,,,,,reviewed,0,131,ci,3321105,",ci3321105,",",ci,",",origin,phase-data,",10,,0.6,117,ml,earthquake,"M 2.9 - 6km SW of Gorman, CA",61,Point,"[-118.901, 34.767, 0]",61
0,2,Washington,81054887830,1469404490270,,https://earthquake.usgs.gov/earthquakes/eventpage/uw10853478,https://earthquake.usgs.gov/fdsnws/event/1/query?eventid=uw10853478&format=geojson,,,,,reviewed,0,62,uw,10853478,",uw10853478,",",uw,",",origin,phase-data,",5,0.156,0.17,177,md,earthquake,M 2.0 - Washington,62,Point,"[-121.8381667, 47.614, 0.283]",62
0,2.92,"4km WSW of Gorman, CA",81047524040,1454031622160,,https://earthquake.usgs.gov/earthquakes/eventpage/ci3321104,https://earthquake.usgs.gov/fdsnws/event/1/query?eventid=ci3321104&format=geojson,,,,,reviewed,0,131,ci,3321104,",ci3321104,",",ci,",",origin,phase-data,",10,,0.71,126,ml,earthquake,"M 2.9 - 4km WSW of Gorman, CA",63,Point,"[-118.8951667, 34.7795, 0.38]",63
0,2.75,"4km W of Gorman, CA",81046221390,1454031916880,,https://earthquake.usgs.gov/earthquakes/eventpage/ci3321103,https://earthquake.usgs.gov/fdsnws/event/1/query?eventid=ci3321103&format=geojson,,,,,reviewed,0,116,ci,3321103,",ci3321103,",",ci,",",origin,phase-data,",8,,0.35,127,ml,earthquake,"M 2.8 - 4km W of Gorman, CA",64,Point,"[-118.8968333, 34.7906667, 7.92]",64
0,2.59,"7km SSW of Gorman, CA",81045567100,1454031338800,,https://earthquake.usgs.gov/earthquakes/eventpage/ci3321102,https://earthquake.usgs.gov/fdsnws/event/1/query?eventid=ci3321102&format=geojson,,,,,reviewed,0,103,ci,3321102,",ci3321102,",",ci,",",origin,phase-data,",9,,0.38,121,ml,earthquake,"M 2.6 - 7km SSW of Gorman, CA",65,Point,"[-118.8783333, 34.7376667, 4.54]",65
0,4.31,"4km WSW of Gorman, CA",81045077210,1454030745920,,https://earthquake.usgs.gov/earthquakes/eventpage/ci3321101,https://earthquake.usgs.gov/fdsnws/event/1/query?eventid=ci3321101&format=geojson,,,,,reviewed,0,286,ci,3321101,",ci3321101,",",ci,",",origin,phase-data,",13,,0.49,126,ml,earthquake,"M 4.3 - 4km WSW of Gorman, CA",66,Point,"[-118.892, 34.7898333, 3.7]",66
0,2.3,Washington,80951131760,1469404489140,,https://earthquake.usgs.gov/earthquakes/eventpage/uw10853463,https://earthquake.usgs.gov/fdsnws/event/1/query?eventid=uw10853463&format=geojson,,,,,reviewed,0,81,uw,10853463,",uw10853463,",",uw,",",origin,phase-data,",5,0.2404,0.24,249,md,earthquake,M 2.3 - Washington,67,Point,"[-121.4595, 47.412, 3.02]",67
0,3.86,"68km E of Beatty, NV",80919000860,1454030745400,,https://earthquake.usgs.gov/earthquakes/eventpage/ci3321100,https://earthquake.usgs.gov/fdsnws/event/1/query?eventid=ci3321100&format=geojson,,,,,reviewed,0,229,ci,3321100,",ci3321100,",",ci,",",origin,phase-data,",13,,0.75,252,ml,nuclear explosion,"M 3.9 Nuclear Explosion - 68km E of Beatty, NV",68,Point,"[-116, 37, 0.01]",68
0,2.2,"Seattle-Tacoma urban area, Washington",80853682160,1469404488680,,https://earthquake.usgs.gov/earthquakes/eventpage/uw10853458,https://earthquake.usgs.gov/fdsnws/event/1/query?eventid=uw10853458&format=geojson,,,,,reviewed,0,74,uw,10853458,",uw10853458,",",uw,",",origin,phase-data,",5,0.2423,0.19,211,md,earthquake,"M 2.2 - Seattle-Tacoma urban area, Washington",69,Point,"[-122.6035, 47.5328333, 41.507]",69
0,2.87,"5km ESE of Ocotillo Wells, CA",80698510080,1454030744930,,https://earthquake.usgs.gov/earthquakes/eventpage/ci3321099,https://earthquake.usgs.gov/fdsnws/event/1/query?eventid=ci3321099&format=geojson,,,,,reviewed,0,127,ci,3321099,",ci3321099,",",ci,",",origin,phase-data,",6,,0.39,136,ml,earthquake,"M 2.9 - 5km ESE of Ocotillo Wells, CA",70,Point,"[-116.084, 33.1225, 6]",70
0,2.39,"3km SW of Gardena, CA",80659827760,1454031621660,,https://earthquake.usgs.gov/earthquakes/eventpage/ci3321098,https://earthquake.usgs.gov/fdsnws/event/1/query?eventid=ci3321098&format=geojson,,,,,reviewed,0,88,ci,3321098,",ci3321098,",",ci,",",origin,phase-data,",8,,0.52,204,ml,earthquake,"M 2.4 - 3km SW of Gardena, CA",71,Point,"[-118.3285, 33.8706667, 10.05]",71
0,2.45,"9km NW of Big Bear Lake, CA",80605588250,1454030151330,,https://earthquake.usgs.gov/earthquakes/eventpage/ci3321097,https://earthquake.usgs.gov/fdsnws/event/1/query?eventid=ci3321097&format=geojson,,,,,reviewed,0,92,ci,3321097,",ci3321097,",",ci,",",origin,phase-data,",8,,0.32,97,ml,earthquake,"M 2.5 - 9km NW of Big Bear Lake, CA",72,Point,"[-116.9843333, 34.298, 4.97]",72
0,2.64,"8km NW of Big Bear Lake, CA",80596626900,1454031916240,,https://earthquake.usgs.gov/earthquakes/eventpage/ci3321096,https://earthquake.usgs.gov/fdsnws/event/1/query?eventid=ci3321096&format=geojson,,,,,reviewed,0,107,ci,3321096,",ci3321096,",",ci,",",origin,phase-data,",9,,0.36,96,ml,earthquake,"M 2.6 - 8km NW of Big Bear Lake, CA",73,Point,"[-116.9743333, 34.2891667, 3.23]",73
0,2.71,"7km NW of Big Bear Lake, CA",80594706740,1454031621160,,https://earthquake.usgs.gov/earthquakes/eventpage/ci3321095,https://earthquake.usgs.gov/fdsnws/event/1/query?eventid=ci3321095&format=geojson,,,,,reviewed,0,113,ci,3321095,",ci3321095,",",ci,",",origin,phase-data,",10,,0.4,95,ml,earthquake,"M 2.7 - 7km NW of Big Bear Lake, CA",74,Point,"[-116.9743333, 34.28, 4.15]",74
0,4.38,"61km NE of Beatty, NV",80500560440,1454029838940,,https://earthquake.usgs.gov/earthquakes/eventpage/ci3321094,https://earthquake.usgs.gov/fdsnws/event/1/query?eventid=ci3321094&format=geojson,,,,,reviewed,0,295,ci,3321094,",ci3321094,",",ci,",",origin,phase-data,",14,,0.67,258,ml,nuclear explosion,"M 4.4 Nuclear Explosion - 61km NE of Beatty, NV",75,Point,"[-116.1833333, 37.2145, 0.4]",75
0,2.41,"4km SSE of Fontana, CA",80453126920,1454031915650,,https://earthquake.usgs.gov/earthquakes/eventpage/ci3321093,https://earthquake.usgs.gov/fdsnws/event/1/query?eventid=ci3321093&format=geojson,,,,,reviewed,0,89,ci,3321093,",ci3321093,",",ci,",",origin,phase-data,",4,,0.35,132,ml,earthquake,"M 2.4 - 4km SSE of Fontana, CA",76,Point,"[-117.4381667, 34.0693333, 2.11]",76
0,2.2,"Puget Sound region, Washington",80392375150,1469404487480,,https://earthquake.usgs.gov/earthquakes/eventpage/uw10853448,https://earthquake.usgs.gov/fdsnws/event/1/query?eventid=uw10853448&format=geojson,,,,,reviewed,0,74,uw,10853448,",uw10853448,",",uw,",",origin,phase-data,",6,0.1841,0.16,136,md,earthquake,"M 2.2 - Puget Sound region, Washington",77,Point,"[-121.9815, 47.6003333, 5.813]",77
0,2.87,"12km SE of Anza, CA",80365024520,1454031046570,,https://earthquake.usgs.gov/earthquakes/eventpage/ci3321092,https://earthquake.usgs.gov/fdsnws/event/1/query?eventid=ci3321092&format=geojson,,,,,reviewed,0,127,ci,3321092,",ci3321092,",",ci,",",origin,phase-data,",10,,0.5,81,ml,earthquake,"M 2.9 - 12km SE of Anza, CA",78,Point,"[-116.5745, 33.484, 5.5]",78
0,2.3,"2km N of Lytle Creek, CA",80269666780,1454031046070,,https://earthquake.usgs.gov/earthquakes/eventpage/ci12316307,https://earthquake.usgs.gov/fdsnws/event/1/query?eventid=ci12316307&format=geojson,,,,,reviewed,0,81,ci,12316307,",ci12316307,",",ci,",",origin,phase-data,",5,,0.51,239,mh,earthquake,"M 2.3 - 2km N of Lytle Creek, CA",79,Point,"[-117.503, 34.28, 4.39]",79
0,3.1,"Puget Sound region, Washington",80255377330,1469404486710,,https://earthquake.usgs.gov/earthquakes/eventpage/uw10853438,https://earthquake.usgs.gov/fdsnws/event/1/query?eventid=uw10853438&format=geojson,,,,,reviewed,0,148,uw,10853438,",uw10853438,",",uw,",",origin,phase-data,",8,,0.15,157,md,earthquake,"M 3.1 - Puget Sound region, Washington",80,Point,"[-122.894, 47.5423333, 19.397]",80
0,2.2,"Puget Sound region, Washington",80255329260,1469404486330,,https://earthquake.usgs.gov/earthquakes/eventpage/uw10853433,https://earthquake.usgs.gov/fdsnws/event/1/query?eventid=uw10853433&format=geojson,,,,,reviewed,0,74,uw,10853433,",uw10853433,",",uw,",",origin,phase-data,",7,0.06442,0.11,155,md,earthquake,"M 2.2 - Puget Sound region, Washington",81,Point,"[-122.8826667, 47.5468333, 18.587]",81
0,2,"Strait of Juan de Fuca, Washington",80230436750,1469404485450,,https://earthquake.usgs.gov/earthquakes/eventpage/uw10853423,https://earthquake.usgs.gov/fdsnws/event/1/query?eventid=uw10853423&format=geojson,,,,,reviewed,0,62,uw,10853423,",uw10853423,",",uw,",",origin,phase-data,",4,0.3071,0.12,259,md,earthquake,"M 2.0 - Strait of Juan de Fuca, Washington",82,Point,"[-122.8128333, 48.2946667, 29.492]",82
0,2.66,"4km SE of Wofford Heights, CA",80032740680,1454031045520,,https://earthquake.usgs.gov/earthquakes/eventpage/ci3321306,https://earthquake.usgs.gov/fdsnws/event/1/query?eventid=ci3321306&format=geojson,,,,,reviewed,0,109,ci,3321306,",ci3321306,",",ci,",",origin,phase-data,",5,,0.54,127,ml,earthquake,"M 2.7 - 4km SE of Wofford Heights, CA",83,Point,"[-118.4283333, 35.6748333, 6]",83
0,2.7,"6km S of Agoura Hills, CA",80002876920,1454030744470,,https://earthquake.usgs.gov/earthquakes/eventpage/ci12316295,https://earthquake.usgs.gov/fdsnws/event/1/query?eventid=ci12316295&format=geojson,,,,,reviewed,0,112,ci,12316295,",ci12316295,",",ci,",",origin,phase-data,",7,,0.53,194,mh,earthquake,"M 2.7 - 6km S of Agoura Hills, CA",84,Point,"[-118.7788333, 34.0841667, 6]",84
0,3.13,"22km W of Ocotillo, CA",79746391920,1454030150810,,https://earthquake.usgs.gov/earthquakes/eventpage/ci3321304,https://earthquake.usgs.gov/fdsnws/event/1/query?eventid=ci3321304&format=geojson,,,,,reviewed,0,151,ci,3321304,",ci3321304,",",ci,",",origin,phase-data,",6,,0.43,182,ml,earthquake,"M 3.1 - 22km W of Ocotillo, CA",85,Point,"[-116.2316667, 32.7655, 6]",85
0,2.5,"Seattle-Tacoma urban area, Washington",79474148960,1469404482410,,https://earthquake.usgs.gov/earthquakes/eventpage/uw10853398,https://earthquake.usgs.gov/fdsnws/event/1/query?eventid=uw10853398&format=geojson,,,,,reviewed,0,96,uw,10853398,",uw10853398,",",uw,",",origin,phase-data,",5,0.2462,0.2,153,md,earthquake,"M 2.5 - Seattle-Tacoma urban area, Washington",86,Point,"[-122.0016667, 47.9543333, 13.758]",86
0,3,"5km S of Fontana, CA",79361638760,1454030150310,,https://earthquake.usgs.gov/earthquakes/eventpage/ci3321302,https://earthquake.usgs.gov/fdsnws/event/1/query?eventid=ci3321302&format=geojson,,,,,reviewed,0,138,ci,3321302,",ci3321302,",",ci,",",origin,phase-data,",12,,0.45,127,ml,earthquake,"M 3.0 - 5km S of Fontana, CA",87,Point,"[-117.4665, 34.0571667, 3.68]",87
0,2,Washington,79353652800,1469404481430,,https://earthquake.usgs.gov/earthquakes/eventpage/uw10853388,https://earthquake.usgs.gov/fdsnws/event/1/query?eventid=uw10853388&format=geojson,,,,,reviewed,0,62,uw,10853388,",uw10853388,",",uw,",",origin,phase-data,",5,0.3841,0.19,269,md,earthquake,M 2.0 - Washington,88,Point,"[-121.3826667, 48.0756667, 1.572]",88
0,3.18,"13km N of Lake View Terrace, CA",79310288410,1454031619730,,https://earthquake.usgs.gov/earthquakes/eventpage/ci3321300,https://earthquake.usgs.gov/fdsnws/event/1/query?eventid=ci3321300&format=geojson,,,,,reviewed,0,156,ci,3321300,",ci3321300,",",ci,",",origin,phase-data,",11,,0.58,129,ml,earthquake,"M 3.2 - 13km N of Lake View Terrace, CA",89,Point,"[-118.3695, 34.3866667, 1.49]",89
0,2.56,"4km WSW of Wrightwood, CA",79215042770,1454031619230,,https://earthquake.usgs.gov/earthquakes/eventpage/ci3321299,https://earthquake.usgs.gov/fdsnws/event/1/query?eventid=ci3321299&format=geojson,,,,,reviewed,0,101,ci,3321299,",ci3321299,",",ci,",",origin,phase-data,",8,,0.52,109,ml,earthquake,"M 2.6 - 4km WSW of Wrightwood, CA",90,Point,"[-117.668, 34.346, 1.85]",90
0,2.44,"5km WNW of Lytle Creek, CA",79214926910,1454031043610,,https://earthquake.usgs.gov/earthquakes/eventpage/ci3321298,https://earthquake.usgs.gov/fdsnws/event/1/query?eventid=ci3321298&format=geojson,,,,,reviewed,0,92,ci,3321298,",ci3321298,",",ci,",",origin,phase-data,",5,0.3161,0.4,244,ml,earthquake,"M 2.4 - 5km WNW of Lytle Creek, CA",91,Point,"[-117.5465, 34.2766667, 6]",91
0,2.34,"5km WNW of Rancho Cucamonga, CA",79214902230,1454030444160,,https://earthquake.usgs.gov/earthquakes/eventpage/ci3321297,https://earthquake.usgs.gov/fdsnws/event/1/query?eventid=ci3321297&format=geojson,,,,,reviewed,0,84,ci,3321297,",ci3321297,",",ci,",",origin,phase-data,",8,0.2552,0.32,122,ml,earthquake,"M 2.3 - 5km WNW of Rancho Cucamonga, CA",92,Point,"[-117.6275, 34.14, 2.25]",92
0,2.4,"7km SSW of Agua Dulce, CA",79214306390,1454030148850,,https://earthquake.usgs.gov/earthquakes/eventpage/ci12316247,https://earthquake.usgs.gov/fdsnws/event/1/query?eventid=ci12316247&format=geojson,,,,,reviewed,0,89,ci,12316247,",ci12316247,",",ci,",",origin,phase-data,",0,0.3278,,,mh,earthquake,"M 2.4 - 7km SSW of Agua Dulce, CA",93,Point,"[-118.3571667, 34.4393333, 9.8]",93
0,3.2,"8km N of Pacoima, CA",79214259780,1454031913430,,https://earthquake.usgs.gov/earthquakes/eventpage/ci3321296,https://earthquake.usgs.gov/fdsnws/event/1/query?eventid=ci3321296&format=geojson,,,,,reviewed,0,158,ci,3321296,",ci3321296,",",ci,",",origin,phase-data,",12,,0.42,138,ml,earthquake,"M 3.2 - 8km N of Pacoima, CA",94,Point,"[-118.4285, 34.3503333, 14.9]",94
0,2.1,"San Juan Islands region, Washington",79209978710,1469404480960,,https://earthquake.usgs.gov/earthquakes/eventpage/uw10853383,https://earthquake.usgs.gov/fdsnws/event/1/query?eventid=uw10853383&format=geojson,,,,,reviewed,0,68,uw,10853383,",uw10853383,",",uw,",",origin,phase-data,",4,0.6696,0.08,295,md,earthquake,"M 2.1 - San Juan Islands region, Washington",95,Point,"[-122.6795, 48.647, 17.661]",95
0,2.1,Washington,79193270900,1469404480450,,https://earthquake.usgs.gov/earthquakes/eventpage/uw10853378,https://earthquake.usgs.gov/fdsnws/event/1/query?eventid=uw10853378&format=geojson,,,,,reviewed,0,68,uw,10853378,",uw10853378,",",uw,",",origin,phase-data,",6,0.2242,0.05,189,md,earthquake,M 2.1 - Washington,96,Point,"[-121.7993333, 47.6835, 11.483]",96
0,5.9,"Vancouver Island, Canada region",79179400000,1431543186000,,https://earthquake.usgs.gov/earthquakes/eventpage/iscgem771324,https://earthquake.usgs.gov/fdsnws/event/1/query?eventid=iscgem771324&format=geojson,,,,,automatic,0,536,iscgem,771324,",iscgem771324,",",iscgem,",",origin,",,,,,mw,earthquake,"M 5.9 - Vancouver Island, Canada region",97,Point,"[-127.517, 49.366, 26]",97
0,2.37,"3km S of Fontana, CA",79162283140,1454031618740,,https://earthquake.usgs.gov/earthquakes/eventpage/ci3321294,https://earthquake.usgs.gov/fdsnws/event/1/query?eventid=ci3321294&format=geojson,,,,,reviewed,0,86,ci,3321294,",ci3321294,",",ci,",",origin,phase-data,",8,,0.49,124,ml,earthquake,"M 2.4 - 3km S of Fontana, CA",98,Point,"[-117.46, 34.0683333, 1.83]",98
0,3.4,"19km N of Ridgecrest, CA",79087035320,1454030443630,,https://earthquake.usgs.gov/earthquakes/eventpage/ci3321292,https://earthquake.usgs.gov/fdsnws/event/1/query?eventid=ci3321292&format=geojson,,,,,reviewed,0,178,ci,3321292,",ci3321292,",",ci,",",origin,phase-data,",13,,0.42,75,ml,earthquake,"M 3.4 - 19km N of Ridgecrest, CA",99,Point,"[-117.6398333, 35.7871667, 0.19]",99
0,2.8,"19km N of Ridgecrest, CA",79086371300,1454030149810,,https://earthquake.usgs.gov/earthquakes/eventpage/ci3321252,https://earthquake.usgs.gov/fdsnws/event/1/query?eventid=ci3321252&format=geojson,,,,,reviewed,0,121,ci,3321252,",ci3321252,",",ci,",",origin,phase-data,",4,,0.33,136,ml,earthquake,"M 2.8 - 19km N of Ridgecrest, CA",100,Point,"[-117.6633333, 35.7908333, 0.24]",100
0,3.91,"19km NNE of Ridgecrest, CA",79086003530,1454031618210,,https://earthquake.usgs.gov/earthquakes/eventpage/ci3321251,https://earthquake.usgs.gov/fdsnws/event/1/query?eventid=ci3321251&format=geojson,,,,,reviewed,0,235,ci,3321251,",ci3321251,",",ci,",",origin,phase-data,",13,,0.39,80,ml,earthquake,"M 3.9 - 19km NNE of Ridgecrest, CA",101,Point,"[-117.6331667, 35.7866667, 2.85]",101
0,2.4,Washington,79056138070,1469404479160,,https://earthquake.usgs.gov/earthquakes/eventpage/uw10853368,https://earthquake.usgs.gov/fdsnws/event/1/query?eventid=uw10853368&format=geojson,,,,,reviewed,0,89,uw,10853368,",uw10853368,",",uw,",",origin,phase-data,",5,0.3827,0.24,280,md,earthquake,M 2.4 - Washington,102,Point,"[-121.3725, 48.104, 8.692]",102
0,3.31,"88km ENE of Tonopah, NV",78845692710,1454031912960,,https://earthquake.usgs.gov/earthquakes/eventpage/ci3321307,https://earthquake.usgs.gov/fdsnws/event/1/query?eventid=ci3321307&format=geojson,,,,,reviewed,0,169,ci,3321307,",ci3321307,",",ci,",",origin,phase-data,",3,,0.39,332,mh,earthquake,"M 3.3 - 88km ENE of Tonopah, NV",103,Point,"[-116.3341667, 38.4326667, 6]",103
0,2.87,"17km NNE of Ridgecrest, CA",78806404100,1454030443130,,https://earthquake.usgs.gov/earthquakes/eventpage/ci3321250,https://earthquake.usgs.gov/fdsnws/event/1/query?eventid=ci3321250&format=geojson,,,,,reviewed,0,127,ci,3321250,",ci3321250,",",ci,",",origin,phase-data,",7,,0.33,97,ml,earthquake,"M 2.9 - 17km NNE of Ridgecrest, CA",104,Point,"[-117.6345, 35.7721667, 1.62]",104
0,2.7,"Olympic Peninsula, Washington",78787117380,1469404477270,,https://earthquake.usgs.gov/earthquakes/eventpage/uw10853353,https://earthquake.usgs.gov/fdsnws/event/1/query?eventid=uw10853353&format=geojson,,,,,reviewed,0,112,uw,10853353,",uw10853353,",",uw,",",origin,phase-data,",6,0.0479,0.11,204,md,earthquake,"M 2.7 - Olympic Peninsula, Washington",105,Point,"[-123.0073333, 47.9651667, 49.962]",105
0,3.64,"44km ENE of Ensenada, B.C., MX",78784985850,1454099883050,,https://earthquake.usgs.gov/earthquakes/eventpage/ci3321347,https://earthquake.usgs.gov/fdsnws/event/1/query?eventid=ci3321347&format=geojson,,,,,reviewed,0,204,ci,3321347,",ci3321347,",",ci,",",origin,phase-data,",4,,0.68,282,ml,earthquake,"M 3.6 - 44km ENE of Ensenada, B.C., MX",106,Point,"[-116.182, 32.0085, 6]",106
0,2.18,"9km SSE of Bombay Beach, CA",78746283670,1454030743550,,https://earthquake.usgs.gov/earthquakes/eventpage/ci3321248,https://earthquake.usgs.gov/fdsnws/event/1/query?eventid=ci3321248&format=geojson,,,,,reviewed,0,73,ci,3321248,",ci3321248,",",ci,",",origin,phase-data,",5,,0.58,106,mh,earthquake,"M 2.2 - 9km SSE of Bombay Beach, CA",107,Point,"[-115.6993333, 33.2778333, 0.01]",107
0,2.44,"4km NNE of Glen Avon, CA",78746060980,1454030149320,,https://earthquake.usgs.gov/earthquakes/eventpage/ci3321247,https://earthquake.usgs.gov/fdsnws/event/1/query?eventid=ci3321247&format=geojson,,,,,reviewed,0,92,ci,3321247,",ci3321247,",",ci,",",origin,phase-data,",9,,0.5,127,ml,earthquake,"M 2.4 - 4km NNE of Glen Avon, CA",108,Point,"[-117.4638333, 34.0481667, 5.45]",108
0,2.81,"10km SSE of Bombay Beach, CA",78745814220,1454030442630,,https://earthquake.usgs.gov/earthquakes/eventpage/ci3321246,https://earthquake.usgs.gov/fdsnws/event/1/query?eventid=ci3321246&format=geojson,,,,,reviewed,0,121,ci,3321246,",ci3321246,",",ci,",",origin,phase-data,",6,,0.47,99,mh,earthquake,"M 2.8 - 10km SSE of Bombay Beach, CA",109,Point,"[-115.6998333, 33.2611667, 0.19]",109
0,2.63,"10km S of Bombay Beach, CA",78745707960,1454031337380,,https://earthquake.usgs.gov/earthquakes/eventpage/ci3321245,https://earthquake.usgs.gov/fdsnws/event/1/query?eventid=ci3321245&format=geojson,,,,,reviewed,0,106,ci,3321245,",ci3321245,",",ci,",",origin,phase-data,",6,,0.5,98,mh,earthquake,"M 2.6 - 10km S of Bombay Beach, CA",110,Point,"[-115.7121667, 33.2593333, 0.19]",110
0,2.2,Washington,78716460810,1469404476420,,https://earthquake.usgs.gov/earthquakes/eventpage/uw10853343,https://earthquake.usgs.gov/fdsnws/event/1/query?eventid=uw10853343&format=geojson,,,,,reviewed,0,74,uw,10853343,",uw10853343,",",uw,",",origin,phase-data,",5,0.701,0.28,301,md,earthquake,M 2.2 - Washington,111,Point,"[-120.9525, 46.8051667, 22.335]",111
0,3.46,"11km NE of Lake Arrowhead, CA",78648069050,1454029837940,,https://earthquake.usgs.gov/earthquakes/eventpage/ci3321244,https://earthquake.usgs.gov/fdsnws/event/1/query?eventid=ci3321244&format=geojson,,,,,reviewed,0,184,ci,3321244,",ci3321244,",",ci,",",origin,phase-data,",14,,0.52,90,ml,earthquake,"M 3.5 - 11km NE of Lake Arrowhead, CA",112,Point,"[-117.1038333, 34.319, 6]",112
0,2.64,"3km ENE of Inglewood, CA",78631312350,1454031912480,,https://earthquake.usgs.gov/earthquakes/eventpage/ci3321243,https://earthquake.usgs.gov/fdsnws/event/1/query?eventid=ci3321243&format=geojson,,,,,reviewed,0,107,ci,3321243,",ci3321243,",",ci,",",origin,phase-data,",7,,0.43,161,ml,earthquake,"M 2.6 - 3km ENE of Inglewood, CA",113,Point,"[-118.3135, 33.9693333, 12.73]",113
0,3.2,Washington,78603415010,1469404476060,,https://earthquake.usgs.gov/earthquakes/eventpage/uw10853338,https://earthquake.usgs.gov/fdsnws/event/1/query?eventid=uw10853338&format=geojson,,,,,reviewed,0,158,uw,10853338,",uw10853338,",",uw,",",origin,phase-data,",7,,0.17,261,md,earthquake,M 3.2 - Washington,114,Point,"[-122.4643333, 48.4145, 21.037]",114
0,3.78,"63km ENE of Beatty, NV",78597000470,1454031042540,,https://earthquake.usgs.gov/earthquakes/eventpage/ci3321242,https://earthquake.usgs.gov/fdsnws/event/1/query?eventid=ci3321242&format=geojson,,,,,reviewed,0,220,ci,3321242,",ci3321242,",",ci,",",origin,phase-data,",12,,0.86,256,ml,nuclear explosion,"M 3.8 Nuclear Explosion - 63km ENE of Beatty, NV",115,Point,"[-116.1, 37.13, 0.01]",115
0,3.18,"20km WNW of Searles Valley, CA",78557350410,1454031617680,,https://earthquake.usgs.gov/earthquakes/eventpage/ci3321241,https://earthquake.usgs.gov/fdsnws/event/1/query?eventid=ci3321241&format=geojson,,,,,reviewed,0,156,ci,3321241,",ci3321241,",",ci,",",origin,phase-data,",11,,0.59,151,ml,earthquake,"M 3.2 - 20km WNW of Searles Valley, CA",116,Point,"[-117.602, 35.8398333, 0.21]",116
0,2.6,"Seattle-Tacoma urban area, Washington",78554010440,1469404475580,,https://earthquake.usgs.gov/earthquakes/eventpage/uw10853333,https://earthquake.usgs.gov/fdsnws/event/1/query?eventid=uw10853333&format=geojson,,,,,reviewed,0,104,uw,10853333,",uw10853333,",",uw,",",origin,phase-data,",7,0.3511,0.16,144,md,earthquake,"M 2.6 - Seattle-Tacoma urban area, Washington",117,Point,"[-122.6156667, 47.2168333, 48.533]",117
0,2.41,"6km SE of Santa Clarita, CA",78450096960,1454030442120,,https://earthquake.usgs.gov/earthquakes/eventpage/ci3321240,https://earthquake.usgs.gov/fdsnws/event/1/query?eventid=ci3321240&format=geojson,,,,,reviewed,0,89,ci,3321240,",ci3321240,",",ci,",",origin,phase-data,",9,,0.54,143,ml,earthquake,"M 2.4 - 6km SE of Santa Clarita, CA",118,Point,"[-118.4603333, 34.385, 0.09]",118
0,2.1,Washington,78412860370,1469404474200,,https://earthquake.usgs.gov/earthquakes/eventpage/uw10853323,https://earthquake.usgs.gov/fdsnws/event/1/query?eventid=uw10853323&format=geojson,,,,,reviewed,0,68,uw,10853323,",uw10853323,",",uw,",",origin,phase-data,",4,0.06819,0.03,208,md,earthquake,M 2.1 - Washington,119,Point,"[-121.7581667, 47.2661667, 18.165]",119
0,2.87,"22km N of Ridgecrest, CA",78398473660,1454031911950,,https://earthquake.usgs.gov/earthquakes/eventpage/ci3321239,https://earthquake.usgs.gov/fdsnws/event/1/query?eventid=ci3321239&format=geojson,,,,,reviewed,0,127,ci,3321239,",ci3321239,",",ci,",",origin,phase-data,",6,0.06179,0.6,107,ml,earthquake,"M 2.9 - 22km N of Ridgecrest, CA",120,Point,"[-117.6735, 35.8138333, 0]",120
0,2.82,"21km N of Ridgecrest, CA",78387200650,1454031911450,,https://earthquake.usgs.gov/earthquakes/eventpage/ci3321237,https://earthquake.usgs.gov/fdsnws/event/1/query?eventid=ci3321237&format=geojson,,,,,reviewed,0,122,ci,3321237,",ci3321237,",",ci,",",origin,phase-data,",5,0.03963,0.31,133,ml,earthquake,"M 2.8 - 21km N of Ridgecrest, CA",121,Point,"[-117.6451667, 35.8073333, 3.4]",121
0,2.5,"Seattle-Tacoma urban area, Washington",78284972040,1469404473720,,https://earthquake.usgs.gov/earthquakes/eventpage/uw10853318,https://earthquake.usgs.gov/fdsnws/event/1/query?eventid=uw10853318&format=geojson,,,,,reviewed,0,96,uw,10853318,",uw10853318,",",uw,",",origin,phase-data,",6,0.2751,0.14,126,md,earthquake,"M 2.5 - Seattle-Tacoma urban area, Washington",122,Point,"[-122.1323333, 47.9571667, 22.367]",122
0,3.4,"Seattle-Tacoma urban area, Washington",78284542390,1469404473240,,https://earthquake.usgs.gov/earthquakes/eventpage/uw10853313,https://earthquake.usgs.gov/fdsnws/event/1/query?eventid=uw10853313&format=geojson,,,,,reviewed,0,178,uw,10853313,",uw10853313,",",uw,",",origin,phase-data,",7,0.2708,0.07,127,md,earthquake,"M 3.4 - Seattle-Tacoma urban area, Washington",123,Point,"[-122.1251667, 47.9593333, 20.177]",123
0,2.58,"17km ESE of Anza, CA",78119127170,1454029837440,,https://earthquake.usgs.gov/earthquakes/eventpage/ci3321236,https://earthquake.usgs.gov/fdsnws/event/1/query?eventid=ci3321236&format=geojson,,,,,reviewed,0,102,ci,3321236,",ci3321236,",",ci,",",origin,phase-data,",5,0.3374,0.43,128,ml,earthquake,"M 2.6 - 17km ESE of Anza, CA",124,Point,"[-116.4991667, 33.5005, 0.68]",124
0,3.12,"12km WSW of Salton City, CA",78098520880,1454029836950,,https://earthquake.usgs.gov/earthquakes/eventpage/ci3321235,https://earthquake.usgs.gov/fdsnws/event/1/query?eventid=ci3321235&format=geojson,,,,,reviewed,0,150,ci,3321235,",ci3321235,",",ci,",",origin,phase-data,",7,0.5841,0.37,122,ml,earthquake,"M 3.1 - 12km WSW of Salton City, CA",125,Point,"[-116.0715, 33.2473333, 6]",125
0,2.19,"6km SW of Frazier Park, CA",78098462840,1454030441640,,https://earthquake.usgs.gov/earthquakes/eventpage/ci3321346,https://earthquake.usgs.gov/fdsnws/event/1/query?eventid=ci3321346&format=geojson,,,,,reviewed,0,74,ci,3321346,",ci3321346,",",ci,",",origin,phase-data,",5,,0.49,248,mh,earthquake,"M 2.2 - 6km SW of Frazier Park, CA",126,Point,"[-118.9906667, 34.7903333, 6]",126
0,3.31,"22km ESE of Anza, CA",78088890490,1454031617140,,https://earthquake.usgs.gov/earthquakes/eventpage/ci3321232,https://earthquake.usgs.gov/fdsnws/event/1/query?eventid=ci3321232&format=geojson,,,,,reviewed,0,169,ci,3321232,",ci3321232,",",ci,",",origin,phase-data,",9,,0.31,86,ml,earthquake,"M 3.3 - 22km ESE of Anza, CA",127,Point,"[-116.4538333, 33.4935, 13.25]",127
0,2.43,"6km NNW of Pacoima, CA",77978856940,1454031042040,,https://earthquake.usgs.gov/earthquakes/eventpage/ci3321230,https://earthquake.usgs.gov/fdsnws/event/1/query?eventid=ci3321230&format=geojson,,,,,reviewed,0,91,ci,3321230,",ci3321230,",",ci,",",origin,phase-data,",7,,0.43,189,ml,earthquake,"M 2.4 - 6km NNW of Pacoima, CA",128,Point,"[-118.4635, 34.337, 5.43]",128
0,2.49,"5km ESE of Santa Clarita, CA",77948341550,1454031616130,,https://earthquake.usgs.gov/earthquakes/eventpage/ci3321229,https://earthquake.usgs.gov/fdsnws/event/1/query?eventid=ci3321229&format=geojson,,,,,reviewed,0,95,ci,3321229,",ci3321229,",",ci,",",origin,phase-data,",10,,0.43,139,ml,earthquake,"M 2.5 - 5km ESE of Santa Clarita, CA",129,Point,"[-118.4533333, 34.4036667, 0.79]",129
0,2.7,"5km W of Aguanga, CA",77947452000,1454030743060,,https://earthquake.usgs.gov/earthquakes/eventpage/ci3321228,https://earthquake.usgs.gov/fdsnws/event/1/query?eventid=ci3321228&format=geojson,,,,,reviewed,0,112,ci,3321228,",ci3321228,",",ci,",",origin,phase-data,",6,0.1004,0.52,146,ml,earthquake,"M 2.7 - 5km W of Aguanga, CA",130,Point,"[-116.9211667, 33.4415, 16.22]",130
0,2.28,"4km N of Sunland, CA",77872645360,1454030441130,,https://earthquake.usgs.gov/earthquakes/eventpage/ci3321227,https://earthquake.usgs.gov/fdsnws/event/1/query?eventid=ci3321227&format=geojson,,,,,reviewed,0,80,ci,3321227,",ci3321227,",",ci,",",origin,phase-data,",7,,0.39,164,ml,earthquake,"M 2.3 - 4km N of Sunland, CA",131,Point,"[-118.2996667, 34.2955, 3.21]",131
0,3.2,Washington,77846279940,1469404471890,,https://earthquake.usgs.gov/earthquakes/eventpage/uw10853298,https://earthquake.usgs.gov/fdsnws/event/1/query?eventid=uw10853298&format=geojson,,,,,reviewed,0,158,uw,10853298,",uw10853298,",",uw,",",origin,phase-data,",7,0.3779,0.15,267,md,earthquake,M 3.2 - Washington,132,Point,"[-121.399, 48.0633333, 1.732]",132
0,2.89,"4km NNE of Glen Avon, CA",77818106700,1454030742540,,https://earthquake.usgs.gov/earthquakes/eventpage/ci3321225,https://earthquake.usgs.gov/fdsnws/event/1/query?eventid=ci3321225&format=geojson,,,,,reviewed,0,128,ci,3321225,",ci3321225,",",ci,",",origin,phase-data,",13,,0.36,127,ml,earthquake,"M 2.9 - 4km NNE of Glen Avon, CA",133,Point,"[-117.4631667, 34.047, 4.13]",133
0,3.13,"3km ESE of Mammoth Lakes, CA",77686991920,1454031615180,,https://earthquake.usgs.gov/earthquakes/eventpage/ci3321224,https://earthquake.usgs.gov/fdsnws/event/1/query?eventid=ci3321224&format=geojson,,,,,reviewed,0,151,ci,3321224,",ci3321224,",",ci,",",origin,phase-data,",2,,0.15,345,ml,earthquake,"M 3.1 - 3km ESE of Mammoth Lakes, CA",134,Point,"[-118.9438333, 37.6233333, 6]",134
0,2.85,"13km E of Mammoth Lakes, CA",77685123870,1454031910500,,https://earthquake.usgs.gov/earthquakes/eventpage/ci3321223,https://earthquake.usgs.gov/fdsnws/event/1/query?eventid=ci3321223&format=geojson,,,,,reviewed,0,125,ci,3321223,",ci3321223,",",ci,",",origin,phase-data,",3,,0.59,329,ml,earthquake,"M 2.9 - 13km E of Mammoth Lakes, CA",135,Point,"[-118.8271667, 37.6378333, 6]",135
0,3.13,"7km E of Mammoth Lakes, CA",77684219550,1454029836440,,https://earthquake.usgs.gov/earthquakes/eventpage/ci3321222,https://earthquake.usgs.gov/fdsnws/event/1/query?eventid=ci3321222&format=geojson,,,,,reviewed,0,151,ci,3321222,",ci3321222,",",ci,",",origin,phase-data,",2,,0.13,347,ml,earthquake,"M 3.1 - 7km E of Mammoth Lakes, CA",136,Point,"[-118.8971667, 37.6305, 6]",136
0,3.21,"36km E of Mammoth Lakes, CA",77683881910,1454031614740,,https://earthquake.usgs.gov/earthquakes/eventpage/ci3321221,https://earthquake.usgs.gov/fdsnws/event/1/query?eventid=ci3321221&format=geojson,,,,,reviewed,0,159,ci,3321221,",ci3321221,",",ci,",",origin,phase-data,",3,,0.54,339,ml,earthquake,"M 3.2 - 36km E of Mammoth Lakes, CA",137,Point,"[-118.578, 37.6988333, 6]",137
0,2.61,"2km NW of Mammoth Lakes, CA",77683737260,1454030742060,,https://earthquake.usgs.gov/earthquakes/eventpage/ci3321220,https://earthquake.usgs.gov/fdsnws/event/1/query?eventid=ci3321220&format=geojson,,,,,reviewed,0,105,ci,3321220,",ci3321220,",",ci,",",origin,phase-data,",2,,0.33,345,ml,earthquake,"M 2.6 - 2km NW of Mammoth Lakes, CA",138,Point,"[-119.0003333, 37.6488333, 6]",138
0,2.2,Washington,77662980240,1469404470330,,https://earthquake.usgs.gov/earthquakes/eventpage/uw10853283,https://earthquake.usgs.gov/fdsnws/event/1/query?eventid=uw10853283&format=geojson,,,,,reviewed,0,74,uw,10853283,",uw10853283,",",uw,",",origin,phase-data,",5,0.04459,0.14,169,md,earthquake,M 2.2 - Washington,139,Point,"[-121.824, 47.5025, 18.873]",139
0,2.7,"Seattle-Tacoma urban area, Washington",77575824070,1469404468800,,https://earthquake.usgs.gov/earthquakes/eventpage/uw10853278,https://earthquake.usgs.gov/fdsnws/event/1/query?eventid=uw10853278&format=geojson,,,,,reviewed,0,112,uw,10853278,",uw10853278,",",uw,",",origin,phase-data,",8,,0.09,96,md,earthquake,"M 2.7 - Seattle-Tacoma urban area, Washington",140,Point,"[-122.2111667, 47.5803333, 19.503]",140
0,2.4,Washington,77536532730,1469404467250,,https://earthquake.usgs.gov/earthquakes/eventpage/uw10853263,https://earthquake.usgs.gov/fdsnws/event/1/query?eventid=uw10853263&format=geojson,,,,,reviewed,0,89,uw,10853263,",uw10853263,",",uw,",",origin,phase-data,",7,,0.26,219,md,earthquake,M 2.4 - Washington,141,Point,"[-122.3675, 46.6815, 11.41]",141
0,3.06,"57km WNW of San Miguel Is., CA",77486077010,1454031614250,,https://earthquake.usgs.gov/earthquakes/eventpage/ci3321219,https://earthquake.usgs.gov/fdsnws/event/1/query?eventid=ci3321219&format=geojson,,,,,reviewed,0,144,ci,3321219,",ci3321219,",",ci,",",origin,phase-data,",3,0.8509,0.72,339,ml,earthquake,"M 3.1 - 57km WNW of San Miguel Is., CA",142,Point,"[-120.9403333, 34.2253333, 6]",142
0,2.57,"2km NNW of Gorman, CA",77377102550,1454031041060,,https://earthquake.usgs.gov/earthquakes/eventpage/ci3321217,https://earthquake.usgs.gov/fdsnws/event/1/query?eventid=ci3321217&format=geojson,,,,,reviewed,0,102,ci,3321217,",ci3321217,",",ci,",",origin,phase-data,",7,,0.4,126,ml,earthquake,"M 2.6 - 2km NNW of Gorman, CA",143,Point,"[-118.8591667, 34.8111667, 8.22]",143
0,2.42,"7km N of Lebec, CA",77377052960,1454031613760,,https://earthquake.usgs.gov/earthquakes/eventpage/ci3321216,https://earthquake.usgs.gov/fdsnws/event/1/query?eventid=ci3321216&format=geojson,,,,,reviewed,0,90,ci,3321216,",ci3321216,",",ci,",",origin,phase-data,",7,,0.52,226,ml,earthquake,"M 2.4 - 7km N of Lebec, CA",144,Point,"[-118.857, 34.9038333, 6.33]",144
0,3.1,"13km ESE of Ridgecrest, CA",77273222060,1454031613230,,https://earthquake.usgs.gov/earthquakes/eventpage/ci3321215,https://earthquake.usgs.gov/fdsnws/event/1/query?eventid=ci3321215&format=geojson,,,,,reviewed,0,148,ci,3321215,",ci3321215,",",ci,",",origin,phase-data,",11,,0.4,122,ml,earthquake,"M 3.1 - 13km ESE of Ridgecrest, CA",145,Point,"[-117.5466667, 35.5671667, 2.46]",145
0,2.8,"3km NNW of Brawley, CA",77174938100,1454030147490,,https://earthquake.usgs.gov/earthquakes/eventpage/ci3321214,https://earthquake.usgs.gov/fdsnws/event/1/query?eventid=ci3321214&format=geojson,,,,,reviewed,0,121,ci,3321214,",ci3321214,",",ci,",",origin,phase-data,",6,,0.54,258,mh,earthquake,"M 2.8 - 3km NNW of Brawley, CA",146,Point,"[-115.545, 33.0038333, 3.08]",146
0,2.94,"8km SSW of Idyllwild, CA",77169437710,1454030147000,,https://earthquake.usgs.gov/earthquakes/eventpage/ci3321213,https://earthquake.usgs.gov/fdsnws/event/1/query?eventid=ci3321213&format=geojson,,,,,reviewed,0,133,ci,3321213,",ci3321213,",",ci,",",origin,phase-data,",11,,0.5,97,ml,earthquake,"M 2.9 - 8km SSW of Idyllwild, CA",147,Point,"[-116.7536667, 33.6766667, 6]",147
0,3,"10km ENE of Borrego Springs, CA",77120787000,1454031909480,,https://earthquake.usgs.gov/earthquakes/eventpage/ci12316187,https://earthquake.usgs.gov/fdsnws/event/1/query?eventid=ci12316187&format=geojson,,,,,reviewed,0,138,ci,12316187,",ci12316187,",",ci,",",origin,phase-data,",0,0.6738,,,mh,earthquake,"M 3.0 - 10km ENE of Borrego Springs, CA",148,Point,"[-116.2666667, 33.2833333, 6]",148
0,2.68,"6km NNE of Borrego Springs, CA",77120782890,1454030440210,,https://earthquake.usgs.gov/earthquakes/eventpage/ci3321211,https://earthquake.usgs.gov/fdsnws/event/1/query?eventid=ci3321211&format=geojson,,,,,reviewed,0,110,ci,3321211,",ci3321211,",",ci,",",origin,phase-data,",5,0.4333,0.41,149,ml,earthquake,"M 2.7 - 6km NNE of Borrego Springs, CA",149,Point,"[-116.3483333, 33.3053333, 6]",149
0,2.96,"23km WSW of Manhattan Beach, CA",77108704250,1454029835060,,https://earthquake.usgs.gov/earthquakes/eventpage/ci3321210,https://earthquake.usgs.gov/fdsnws/event/1/query?eventid=ci3321210&format=geojson,,,,,reviewed,0,135,ci,3321210,",ci3321210,",",ci,",",origin,phase-data,",10,,0.52,198,ml,earthquake,"M 3.0 - 23km WSW of Manhattan Beach, CA",150,Point,"[-118.6493333, 33.813, 6]",150
0,3.94,"165km S of Maneadero, B.C., MX",77063594680,1454030439710,,https://earthquake.usgs.gov/earthquakes/eventpage/ci3321209,https://earthquake.usgs.gov/fdsnws/event/1/query?eventid=ci3321209&format=geojson,,,,,reviewed,0,239,ci,3321209,",ci3321209,",",ci,",",origin,phase-data,",6,,0.43,323,ml,earthquake,"M 3.9 - 165km S of Maneadero, B.C., MX",151,Point,"[-116.8955, 30.2586667, 6]",151
0,2.3,"Puget Sound region, Washington",76991668200,1469404463530,,https://earthquake.usgs.gov/earthquakes/eventpage/uw10840103,https://earthquake.usgs.gov/fdsnws/event/1/query?eventid=uw10840103&format=geojson,,,,,reviewed,0,81,uw,10840103,",uw10840103,",",uw,",",origin,phase-data,",5,0.2654,0.08,226,md,earthquake,"M 2.3 - Puget Sound region, Washington",152,Point,"[-121.981, 47.7485, 1.784]",152
0,3.3,"Puget Sound region, Washington",76975138160,1469404463090,,https://earthquake.usgs.gov/earthquakes/eventpage/uw10840098,https://earthquake.usgs.gov/fdsnws/event/1/query?eventid=uw10840098&format=geojson,,,,,reviewed,0,168,uw,10840098,",uw10840098,",",uw,",",origin,phase-data,",5,0.2807,0.05,229,md,earthquake,"M 3.3 - Puget Sound region, Washington",153,Point,"[-121.972, 47.7636667, 6.074]",153
0,2.61,"14km E of Barstow, CA",76929696050,1454031909970,,https://earthquake.usgs.gov/earthquakes/eventpage/ci3321208,https://earthquake.usgs.gov/fdsnws/event/1/query?eventid=ci3321208&format=geojson,,,,,reviewed,0,105,ci,3321208,",ci3321208,",",ci,",",origin,phase-data,",8,,0.58,131,ml,earthquake,"M 2.6 - 14km E of Barstow, CA",154,Point,"[-116.8746667, 34.9018333, 6]",154
0,2.54,"18km ENE of Bishop, CA",76925690820,1454031336050,,https://earthquake.usgs.gov/earthquakes/eventpage/ci3321207,https://earthquake.usgs.gov/fdsnws/event/1/query?eventid=ci3321207&format=geojson,,,,,reviewed,0,99,ci,3321207,",ci3321207,",",ci,",",origin,phase-data,",9,,0.45,223,ml,earthquake,"M 2.5 - 18km ENE of Bishop, CA",155,Point,"[-118.1975, 37.42, 6]",155
0,2.84,"40km SE of San Clemente Is. (SE tip), CA",76849293310,1454031335560,,https://earthquake.usgs.gov/earthquakes/eventpage/ci3321206,https://earthquake.usgs.gov/fdsnws/event/1/query?eventid=ci3321206&format=geojson,,,,,reviewed,0,124,ci,3321206,",ci3321206,",",ci,",",origin,phase-data,",9,,0.69,237,ml,earthquake,"M 2.8 - 40km SE of San Clemente Is. (SE tip), CA",156,Point,"[-118.0303333, 32.5696667, 6]",156
0,3.84,"63km W of Alamo, NV",76778398340,1454031612700,,https://earthquake.usgs.gov/earthquakes/eventpage/ci3321205,https://earthquake.usgs.gov/fdsnws/event/1/query?eventid=ci3321205&format=geojson,,,,,reviewed,0,227,ci,3321205,",ci3321205,",",ci,",",origin,phase-data,",13,,0.49,263,ml,nuclear explosion,"M 3.8 Nuclear Explosion - 63km W of Alamo, NV",157,Point,"[-115.8611667, 37.2623333, 0.01]",157
0,2.5,Washington,76623451390,1469404460180,,https://earthquake.usgs.gov/earthquakes/eventpage/uw10840073,https://earthquake.usgs.gov/fdsnws/event/1/query?eventid=uw10840073&format=geojson,,,,,reviewed,0,96,uw,10840073,",uw10840073,",",uw,",",origin,phase-data,",5,0.2309,0.2,262,md,earthquake,M 2.5 - Washington,158,Point,"[-121.4906667, 47.3035, 3.565]",158
0,2.61,"7km S of Redlands, CA",76413277900,1454029834000,,https://earthquake.usgs.gov/earthquakes/eventpage/ci3321204,https://earthquake.usgs.gov/fdsnws/event/1/query?eventid=ci3321204&format=geojson,,,,,reviewed,0,105,ci,3321204,",ci3321204,",",ci,",",origin,phase-data,",10,,0.42,110,ml,earthquake,"M 2.6 - 7km S of Redlands, CA",159,Point,"[-117.1958333, 33.9925, 4.03]",159
0,2.8,"Seattle-Tacoma urban area, Washington",76319758570,1469404457550,,https://earthquake.usgs.gov/earthquakes/eventpage/uw10840053,https://earthquake.usgs.gov/fdsnws/event/1/query?eventid=uw10840053&format=geojson,,,,,reviewed,0,121,uw,10840053,",uw10840053,",",uw,",",origin,phase-data,",7,0.1725,0.08,109,md,earthquake,"M 2.8 - Seattle-Tacoma urban area, Washington",160,Point,"[-122.229, 47.7255, 18.327]",160
